0,1,2,3,4,5,6
21-11-20 11:59,1.33E+18,"@masmasjawabgt Saldonya buat nabung boleh ga mas? Kalo boleh aku ikutan kirim ke BNI, semog aja Bismillah",0,0,Twitter for Android,http://twitter.com/download/android
21-11-20 11:56,1.33E+18,"RT @hhjdinn: [Help RT]

BismillahğŸ™ğŸ»
Yukk aku jual jasa premium aplikasiâœ¨ Proses cepat, aman dan yang pasti murahğŸ’ªğŸ» payment via:
âœ… Dana
âœ… BNâ€¦",27,0,Twitter for Android,http://twitter.com/download/android
21-11-20 11:54,1.33E+18,"@banjarbase Kalo aku kmrian BNI mbanking tinggal unintall terus install lagi, bikin password mbanking baru. Nomor mâ€¦ https://t.co/Bf6u4MWTOe",0,0,Twitter for Android,http://twitter.com/download/android
21-11-20 23:51,1.33E+18,"@DORbertanya @BNI @BPJSTKinfo @KemnakerRI Saya BNI jg blm cair sampe skrg, padahal pas blt termin 1 cair di batch 2â€¦ https://t.co/TYfQnh6fPO",0,2,Twitter for Android,http://twitter.com/download/android
21-11-20 11:48,1.33E+18,"Transfer k No rekening
BRI 411401008723530
BCA 7771084161
BNI 0252850369
a/n Mohamad Ridwan, minta nama, alamat smaâ€¦ https://t.co/B8us2d8XeI",0,0,twittbot.net,http://twittbot.net/
21-11-20 11:42,1.33E+18,Info lengkap mengenai Rejeki BNI Taplus 2014 klik https://t.co/DUT21d1V4l #RBT2014,0,0,twittbot.net,http://twittbot.net/
21-11-20 11:42,1.33E+18,ArkadaÅŸlaaarrr beni gÃ¶rmÃ¼tormusunuzz kalÄ±cÄ± takipÃ§i iÃ§in bni takip ediinn fav atÄ±n bn dÃ¶nerim #ugurunsovmedigikisilertakiplesiyor,0,3,Twitter for Android,http://twitter.com/download/android
21-11-20 11:38,1.33E+18,"@milafitaa @halloveeee @chrisaldodarmwn Ojo mung mandiri.. BCA, BRI, BNI Yo gpp",0,0,Twitter for Android,http://twitter.com/download/android
21-11-20 11:30,1.33E+18,"ğŸ”® WETV SHARING ğŸ”®

â™¡ 3 bln = 20k
â™¡ 1 thn = 27k

âœ“ full garansi
âœ“ legal
âœ“ trusted

Payment : ovo,dana,shopeepay,gopay,bni,pulsa",0,0,Cubi.so,https://www.cub.so
21-11-20 11:30,1.33E+18,"â­ï¸ NETFLIX ANTI HOLD â­ï¸

sharing 35.000
private 120.000

ğŸ’³ BNI DANA OVO GOPAY",0,0,Cubi.so,https://www.cub.so
21-11-20 11:24,1.33E+18,"@navillera16_  atau melalui Kantor Cabang BNI terdekat. Untuk pengurusan kartu debit baru, dapat dilakukan di Cabanâ€¦ https://t.co/0qXlvbm3YF",0,0,BNI Socio Twitter,https://www.bni.co.id/id-id/
21-11-20 11:24,1.33E+18,"@navillera16_ Hai Kak Vihantika, maaf ya jadi tidak nyaman. Untuk kartu debit yang tertelan Kakak bisa melakukan peâ€¦ https://t.co/frdGFyrwDf",0,0,BNI Socio Twitter,https://www.bni.co.id/id-id/
21-11-20 11:22,1.33E+18,"@Jay_Pujay  merupakan nomor HP terdaftar, jika perangkat HP kakak dual SIM mohon SIM 2 dinonaktifkan sementara, tidâ€¦ https://t.co/DXIEXMWriw",0,0,BNI Socio Twitter,https://www.bni.co.id/id-id/
21-11-20 11:22,1.33E+18,"@Jay_Pujay Halo Kak Mugiyanto, maaf banget ya atas kendalanya. Mengenai respon tersebut kami sarankan kakak mencobaâ€¦ https://t.co/y2xudVeODI",0,0,BNI Socio Twitter,https://www.bni.co.id/id-id/
21-11-20 11:19,1.33E+18,"RT @berfirmanlah: halo, selamat pagi @gopayindonesia!

bismillah lapor tanpa ngata-ngatain. izin mengeluhkan masalah, saya melakukan transaâ€¦",1,0,NgataBotz,http://ngata92.com/
21-11-20 23:17,1.33E+18,@jummaray Maaf banget ya kak atas ketidkanyamanannya. Mengenai hal tersebut kami sarankan kakak melakukan pengecekaâ€¦ https://t.co/uKbT0Wzo2y,0,0,BNI Socio Twitter,https://www.bni.co.id/id-id/
21-11-20 23:13,1.33E+18,"@marietapinky Hai Kak Pinky, dapat kami informasikan untuk pendaftaran BNI SMS Banking dapat kakak lakukan melaluiâ€¦ https://t.co/bmfOWltAM7",0,0,BNI Socio Twitter,https://www.bni.co.id/id-id/
21-11-20 23:12,1.33E+18,"RT @Buya_Albahjah: ZAKAT MEMBERSIHKAN HARTA KITA

Salurkan zakat terbaik Anda, agar harta lebih berkah melalui :

BNI Syariah
07200 42000
Kâ€¦",23,0,Twitter Web App,https://mobile.twitter.com
21-11-20 23:11,1.33E+18,@KemnakerRI Termin 1 saya dapat tahap 2 tapi termin 2 belum ada kejelasan apakah nama saya dicoret dari daftar BSUâ€¦ https://t.co/Xo4mev7AV3,0,0,Twitter for Android,http://twitter.com/download/android
21-11-20 23:10,1.33E+18,"@Heenny_AR Hai Kak Henny, dapat kami informasikan untuk saat ini layanan BNI Weekend Banking masih belum beroperasiâ€¦ https://t.co/aVa1ajyg6Z",0,0,BNI Socio Twitter,https://www.bni.co.id/id-id/
21-11-20 23:00,1.33E+18,"@BPJSTKinfo Pagi juga sahabat, klo melalui BNI Bekasi kota cabang mana yg melayani ya",0,0,Twitter for Android,http://twitter.com/download/android
21-11-20 22:48,1.33E+18,"Setelah order dan barang yg kamu pesan tersedia, kamu bisa melakukan pembayaran transfer via BCA, CIMB niaga, BRI &amp; BNI",0,0,twittbot.net,http://twittbot.net/
21-11-20 22:43,1.33E+18,"RT @bibibleeid: â€“ ğ•¨ğ•–ğ•ğ•”ğ• ğ•ğ•– ğ•¥ğ•  ğ•œğ•—ğ•’ğ•¤ğ•™ğ•šğ• ğ•Ÿ.ğ•šğ••ğ•Ÿ â€“

 korean fashion &amp; korean stuff termurah !
 ğŸ§¡ shopee? by request
 FREE SHIPPING â€“
 ğŸ’µ BNI, DANA,â€¦",1379,0,Twitter for Android,http://twitter.com/download/android
21-11-20 22:34,1.33E+18,"@BPJSTKinfo halo min data update yang pakek bri bni btn sudah dikirim ya dari dua minggu lalu, ini bpjs surabaya daâ€¦ https://t.co/2xvJxdh4WX",0,0,Twitter for iPhone,http://twitter.com/download/iphone
21-11-20 22:30,1.33E+18,"RT @hhjdinn: [Help RT]

BismillahğŸ™ğŸ»
Yukk aku jual jasa premium aplikasiâœ¨ Proses cepat, aman dan yang pasti murahğŸ’ªğŸ» payment via:
âœ… Dana
âœ… BNâ€¦",27,0,Twitter for Android,http://twitter.com/download/android
21-11-20 22:06,1.33E+18,#RekeningDonasiPAY &gt; #BankSyariahMandiri7060989189+#BNI_0272481794+#MANDIRI1180022288996 an Yay PcintaAnakYatim https://t.co/fDPwUxkCZ9,0,0,twittbot.net,http://twittbot.net/
21-11-20 22:02,1.33E+18,"â­ï¸ DISNEY+ HOTSTAR â­ï¸

sharing
1bln 27.000
3bln 48.000

private
1bln 40.000
3bln 78.000

ğŸ’³ BNI DANA OVO GOPAY",0,0,Cubi.so,https://www.cub.so
21-11-20 22:00,1.33E+18,"@jichhuuu sini kaa aku bs BNI hihi, akun nya udh readyy tinggal dikirim ajaa yuhuuu, bs lgsg dipakai nonton skrng jâ€¦ https://t.co/pVaHN1b1cm",0,0,Twitter for iPhone,http://twitter.com/download/iphone
21-11-20 21:48,1.33E+18,@BNI mana ini DM nya ditunggu ga ada2....speak doang kah biar keliatan kaya peduli? Bank plat merah ckck,0,0,UberSocial for Android,http://ubersocial.com
21-11-20 21:35,1.33E+18,"RT @BNI: Dalam kondisi begini, kalau belanja biar aman usahain cashless ya! Cukup dengan Kartu dan gunakan mesin orange EDC BNI urusan tranâ€¦",3,0,Twitter for Android,http://twitter.com/download/android
22-11-20 23:50,1.33E+18,Sqw! Ada yang ikut bina bni wilayah bandung gaaa? Itu pengumumannya kapan ya? Kalian udh dapet kabar?,0,0,ini base squidward,https://twitter.com/squidwardfess
22-11-20 23:49,1.33E+18,"@bukanSayangmuu @sbyfess ğŸ’®Netflix Premium 30kğŸ’®

Ready. TF Lgsg dapat akun. WA utk fast response ğŸ¤— (â€¦ https://t.co/sOZXpzYGUd",0,0,Twitter for Android,http://twitter.com/download/android
22-11-20 23:49,1.33E+18,"@bukanSayangmuu @cikprut ğŸ’®Netflix Premium 30kğŸ’®

Ready. TF Lgsg dapat akun. WA utk fast response ğŸ¤— (â€¦ https://t.co/xY265NqJ64",0,0,Twitter for Android,http://twitter.com/download/android
22-11-20 23:48,1.33E+18,"Transfer k No rekening
BRI 411401008723530
BCA 7771084161
BNI 0252850369
a/n Mohamad Ridwan, minta nama, alamat smaâ€¦ https://t.co/peO4dqJVg0",0,0,twittbot.net,http://twittbot.net/
22-11-20 23:35,1.33E+18,https://t.co/1oxHRNvmO2 Dari BNI Syariah Kantor Cabang Jakarta Timur ke Kursi Pijat Merek Rovos Fitness Massage Chaâ€¦ https://t.co/yRriKWvnUo,0,0,twittbot.net,http://twittbot.net/
22-11-20 23:32,1.33E+18,Ada yg tau cara top up gopay pakai atm bni ga?,0,1,Twitter for iPhone,http://twitter.com/download/iphone
22-11-20 23:30,1.33E+18,"t. cv convert tukar saldo ovo jenius bca bri bni bca gopay dana shopeepay 
https://t.co/yDpT7Ti1KZ",0,0,Cubi.so,https://www.cub.so
22-11-20 23:18,1.33E+18,@jonesambyar Aku bni aja,0,1,Twitter for Android,http://twitter.com/download/android
22-11-20 23:18,1.33E+18,@poissonajuice kok itu bni sik ğŸ™ˆ,0,0,Twitter Web App,https://mobile.twitter.com
22-11-20 23:15,1.33E+18,"Gunakan Debit BCA dan BNI 46 sebagai pembayaran di JNE Kalimantan Blitar, Mudah dan Praktis.#JNEBLITAR",0,0,twittbot.net,http://twittbot.net/
22-11-20 23:13,1.33E+18,"Please welcome to the BNI Online Hub - Eltham family, Jennifer Smith from Clean Up Ya' Crap.  We all look forward tâ€¦ https://t.co/EvftjfIOaT",0,0,SocialPilot.co,https://app.socialpilot.co/
22-11-20 23:12,1.33E+18,"Perbanyak trx via BNI E-Channel, Kartu Debit BNI dan BNI Debit Online dan jadilah bagian dr 46 ribu pemenang setiap bulan. S&amp;K #RBT2014",0,0,twittbot.net,http://twittbot.net/
22-11-20 23:10,1.33E+18,"@BNICustomerCare Halo min, ATM BNI saya sudah dorm, dan saldo nya 0. Bagaimana cara mengetahui jumlah tunggakannya?",0,0,Twitter Web App,https://mobile.twitter.com
22-11-20 23:00,1.33E+18,Pengecekan kondisi atm BNI dan BPD https://t.co/4vX7MhBY29,0,0,Twitter for Android,http://twitter.com/download/android
22-11-20 22:56,1.33E+18,"Our new ""Recognition Wall"" on the BNI Business Builder platform supports our BNI core values.

1) Create your ""Recoâ€¦ https://t.co/oo5UsrChUI",0,0,IFTTT,https://ifttt.com
22-11-20 22:39,1.33E+18,"BANK BNI Cabang Natuna
Alamat: Ranai, Natuna
#Bank #Natuna",0,0,twittbot.net,http://twittbot.net/
22-11-20 22:38,1.33E+18,Report fraud boys to the BNI ! https://t.co/O0HHTDn7sd,1,0,Twitter for iPhone,http://twitter.com/download/iphone
22-11-20 22:36,1.33E+18,"RT @IvanMisner #BNI #BNIDelhiSouth #ReferralsMarketing ""Our new ""Recognition Wall"" on the BNI Business Builder platâ€¦ https://t.co/5SG2sZ5iwG",0,1,IFTTT,https://ifttt.com
22-11-20 22:32,1.33E+18,@gyuxaxu @worksfess Bni jabar,0,0,Twitter for Android,http://twitter.com/download/android
22-11-20 22:31,1.33E+18,Jasa Views video instagram murah VIA BNI. 500views=17rb. harga berlaku kelipatan. minat? 0838 1110 4464,0,0,twittbot.net,http://twittbot.net/
22-11-20 22:29,1.33E+18,@babydelllll @ItsIsnadia @BNISyariah @BPJSTKinfo Awas tuh akun BNI fake,0,0,Twitter for Android,http://twitter.com/download/android
22-11-20 22:16,1.33E+18,"@txtdrstoryWA kami pengguna wa ori bro, jangankan status kalian. ip lu aja bisa kami lacak 

-bni",0,0,Twitter for Android,http://twitter.com/download/android
22-11-20 22:12,1.33E+18,Cashback 5% atau maksimal Rp 10rb utk transaksi dg Kartu Debit BNI &amp; BNI Debit Online min Rp 100rb. Info: https://t.co/DUT21cKjFL #RBT2014,0,0,twittbot.net,http://twittbot.net/
22-11-20 22:06,1.33E+18,#RekeningDonasiPAY &gt; #BankSyariahMandiri7060989189+#BNI_0272481794+#MANDIRI1180022288996 an Yay PcintaAnakYatim https://t.co/fDPwUx31Az,0,0,twittbot.net,http://twittbot.net/
22-11-20 22:02,1.33E+18,"Saya blt bank BNI untuk wilayah Surabaya jawatimurjuga belum cair tapi beberapa temen kantor sudah cair, seingat saâ€¦ https://t.co/IyjouqZiB0",0,2,Twitter for Android,http://twitter.com/download/android
22-11-20 22:02,1.33E+18,"@dhimpoksehat @PapersBoy @ezash bisa kok kak,,tinggal bawa ktp, kk, sama buku tabungan BNI yg biasa buat rekening debet",0,0,Twitter for Android,http://twitter.com/download/android
22-11-20 22:01,1.33E+18,Jasa Views video instagram murah VIA BNI. 100views=7rb. harga berlaku kelipatan. minat? 0838 1110 4464,0,0,twittbot.net,http://twittbot.net/
22-11-20 22:00,1.33E+18,"Our new ""Recognition Wall"" on the BNI Business Builder platform supports our BNI core values.

1) Create your ""Recoâ€¦ https://t.co/VoEusWrjxL",2,13,Hootsuite Inc.,https://www.hootsuite.com
22-11-20 21:59,1.33E+18,"@Regista1757 Halo kak, Mohon maaf atas ketidaknyamanannya. Untuk informasi lebih lanjut silahkan kakak hubungi BNIâ€¦ https://t.co/hIwgmaxk1O",0,0,Twitter for Android,http://twitter.com/download/android
22-11-20 21:59,1.33E+18,"@babydelllll Halo kak, Mohon maaf atas ketidaknyamanannya. Untuk informasi lebih lanjut silahkan kakak hubungi BNIâ€¦ https://t.co/XbaJP45WEd",0,0,Twitter for Android,http://twitter.com/download/android
23-11-20 23:56,1.33E+18,"RT @KeMeraki: [ OPEN PO BATCH 1 ]

K-Meraki 1st Open Pre-Order : 18 November - 25 November 2020

Products : Postcard &amp; Keyring

Pembayaranâ€¦",20,0,Twitter for Android,http://twitter.com/download/android
23-11-20 23:54,1.33E+18,"RT @clovejswoo: PO RESONANCE PT.2
(Arrival Ver.) 

ğŸ’° 275K || DP 160K 

âœ”EMS+TAX
âœ”Web Ktown4u
âœ”Direct EMS
âœ”COğŸŠ 
ğŸ Freebies 
ğŸ’³BNI/DANA/OVO
ğŸ“Jâ€¦",11,0,Twitter for iPhone,http://twitter.com/download/iphone
23-11-20 23:50,1.33E+18,"NETFLIX ANTIHOLD

Sharing 40k/bln
Private 120k/bln

Order https://t.co/3czfzzz3j5 ig
@waktunyasantaii

PAYMENT BNI/â€¦ https://t.co/c5WZUE1GYE",0,0,Twitter Web App,https://mobile.twitter.com
23-11-20 23:50,1.33E+18,"Disney+ Hotstar

Sharing 25k/bln
Private 50k/bln

Order https://t.co/3czfzzz3j5 ig
@waktunyasantaii

PAYMENT BNI/BCâ€¦ https://t.co/t7qMhcLV78",0,0,Twitter Web App,https://mobile.twitter.com
23-11-20 23:49,1.33E+18,"PROMO YOUTUBE PREMIUM
invite email 12k/bln
family 30k/bln

Ragu? cek testi di ig kitaa yaa 

Orderâ€¦ https://t.co/rGkmShgsJJ",0,0,Twitter Web App,https://mobile.twitter.com
23-11-20 23:49,1.33E+18,"SPOTIFY PREMIUM
-GANTI AKUN TIAP BLN-

12k/bln
22k/2bln
30k/3bln

Order https://t.co/3czfzzz3j5 igâ€¦ https://t.co/rGyW2wicYf",0,0,Twitter Web App,https://mobile.twitter.com
23-11-20 23:48,1.33E+18,"Transfer k No rekening
BRI 411401008723530
BCA 7771084161
BNI 0252850369
a/n Mohamad Ridwan,",0,0,twittbot.net,http://twittbot.net/
23-11-20 23:48,1.33E+18,Ga semua wanita perlu mandiri terkadang juga perlu BCA BNi BRI dan Simpedes,0,0,Twitter for Android,http://twitter.com/download/android
23-11-20 23:47,1.33E+18,"â€”ğŸŒ» NETFLIX ANTIHOLD

âœ¨ Sharing 35k
âœ¨ Private 125k

â™¡Ë– Full garansi, legal, lock profil
â™¡Ë– Transfer = dapat akun !â€¦ https://t.co/QqZFZxkgHq",0,0,Twitter for Android,http://twitter.com/download/android
23-11-20 23:47,1.33E+18,"â€”ğŸŒ» NETFLIX ANTIHOLD

âœ¨ Sharing 35k
âœ¨ Private 125k

â™¡Ë– Full garansi, legal, lock profil
â™¡Ë– Transfer = dapat akun !â€¦ https://t.co/eDj9jf16k5",0,0,Twitter for Android,http://twitter.com/download/android
23-11-20 23:47,1.33E+18,"â€”ğŸŒ» NETFLIX ANTIHOLD

âœ¨ Sharing 35k
âœ¨ Private 125k

â™¡Ë– Full garansi, legal, lock profil
â™¡Ë– Transfer = dapat akun !â€¦ https://t.co/LVa78ZKAGR",0,0,Twitter for Android,http://twitter.com/download/android
23-11-20 23:47,1.33E+18,"@collegemenfess bni taplus muda, wkwk adminnya kl gasalah 5k prbulan, trs duitnya bisa diabisinğŸ˜­",0,1,Twitter for Android,http://twitter.com/download/android
23-11-20 23:47,1.33E+18,"â€”ğŸŒ» NETFLIX ANTIHOLD

âœ¨ Sharing 35k
âœ¨ Private 125k

â™¡Ë– Full garansi, legal, lock profil
â™¡Ë– Transfer = dapat akun !â€¦ https://t.co/kD8HHaioTs",0,0,Twitter for Android,http://twitter.com/download/android
23-11-20 23:47,1.33E+18,"â€”ğŸŒ» NETFLIX ANTIHOLD

âœ¨ Sharing 35k
âœ¨ Private 125k

â™¡Ë– Full garansi, legal, lock profil
â™¡Ë– Transfer = dapat akun !â€¦ https://t.co/h4Ma2xyRGq",0,0,Twitter for Android,http://twitter.com/download/android
23-11-20 23:47,1.33E+18,"â€”ğŸŒ» NETFLIX ANTIHOLD

âœ¨ Sharing 35k
âœ¨ Private 125k

â™¡Ë– Full garansi, legal, lock profil
â™¡Ë– Transfer = dapat akun !â€¦ https://t.co/0WvSa7oMBx",0,0,Twitter for Android,http://twitter.com/download/android
23-11-20 23:47,1.33E+18,"â€”ğŸŒ» NETFLIX ANTIHOLD

âœ¨ Sharing 35k
âœ¨ Private 125k

â™¡Ë– Full garansi, legal, lock profil
â™¡Ë– Transfer = dapat akun !â€¦ https://t.co/4jYh8uofZs",0,0,Twitter for Android,http://twitter.com/download/android
23-11-20 23:42,1.33E+18,"ğŸ“ºNETFLIXğŸ“º

NETFLIX SHARING : 1 DEVICE &amp; 1 PROFIL
NETFLIX PRIVATE : 4 DEVICE &amp; 5 PROFIL

âœ¨Anti hold
âœ¨Profil dilock
âœ¨â€¦ https://t.co/TLgf8l7BIZ",0,0,Twitter for Android,http://twitter.com/download/android
23-11-20 23:42,1.33E+18,"@puadamrizall Permisi ka numpang ngelapak yahâœ¨ğŸ™†â€â™€ï¸ğŸ¥°
Oiya selain jual aplikasi premium dengan harga murah aku juga bâ€¦ https://t.co/OdYKy6Atvv",0,0,Twitter for iPhone,http://twitter.com/download/iphone
23-11-20 23:42,1.33E+18,"@mettiohario_ @wrabyapta @noturspecialbae Jual Netflix

âœ¨SHARING = 30.000

âœ¨PRIVATE = 115.000

âœ¨PERPANJANG = 120.00â€¦ https://t.co/TGGqSGp5i1",0,0,Twitter for Android,http://twitter.com/download/android
23-11-20 23:42,1.33E+18,"ORDER = SABAR (TIDAK SABAR TOLONG JANGAN MEMBELI)
âœ…ORDER? DM 
âŒTIDAK INCLUDING PACKING
âœ…MASUK GRUP
âœ…LIMITED SLOT
âœ…Pâ€¦ https://t.co/J4sK6a07dk",0,0,Twitter for Android,http://twitter.com/download/android
23-11-20 23:42,1.33E+18,"@_tentangkitaid Permisi ka numpang ngelapak yahâœ¨ğŸ™†â€â™€ï¸ğŸ¥°
Oiya selain jual aplikasi premium dengan harga murah aku jugaâ€¦ https://t.co/nfOTSMr0ZI",0,0,Twitter for iPhone,http://twitter.com/download/iphone
23-11-20 23:40,1.33E+18,"@gabutersss Hmm kaka deh :â€™

Permisi ka numpang ngelapak yahâœ¨ğŸ™†â€â™€ï¸ğŸ¥°
Oiya selain jual aplikasi premium dengan harga mâ€¦ https://t.co/zCQIwGpxZ1",0,1,Twitter for iPhone,http://twitter.com/download/iphone
23-11-20 23:40,1.33E+18,"@_iniikyy @HaWesMboh Siap ka :â€™

Permisi ka numpang ngelapak yahâœ¨ğŸ™†â€â™€ï¸ğŸ¥°
Oiya selain jual aplikasi premium dengan harâ€¦ https://t.co/KhiB1qDQZF",0,0,Twitter for iPhone,http://twitter.com/download/iphone
23-11-20 23:40,1.33E+18,@collegemenfess BNI ajaaa. Btw aku titip jual preloved ini siapa tau ada yg minat yağŸ™ğŸ™ https://t.co/3fwwvnGL4y,0,0,Twitter for Android,http://twitter.com/download/android
23-11-20 23:39,1.33E+18,@BNI min cek dm,0,0,Twitter for Android,http://twitter.com/download/android
23-11-20 23:39,1.33E+18,"@collegemenfess Kalo BCA pake yg xpresi nder biaya admin bulanan murah 7.500
Kalo BNI pake syariah wadiah aja, gakâ€¦ https://t.co/6jNphpLb0k",0,1,Twitter for Android,http://twitter.com/download/android
23-11-20 23:39,1.33E+18,"BNI Fokus Pemberdayaan UMKM Go Ekspor

https://t.co/RQby1oNLP5

#10thindoposonline #senyumindopos #smileindoposâ€¦ https://t.co/5Ifz6deA7Q",0,2,Twitter Web App,https://mobile.twitter.com
23-11-20 23:38,1.33E+18,@collegemenfess BNI karena saldonya bisa dihabisin wkwkwk. Aplikasinya juga jarang error,0,0,Twitter Web App,https://mobile.twitter.com
23-11-20 23:37,1.33E+18,"@cahyaniryn99 Sedih bgtğŸ¥ºaku diposisi itu ka 

Permisi ka numpang ngelapak yahâœ¨ğŸ™†â€â™€ï¸ğŸ¥°
Oiya selain jual aplikasi premiâ€¦ https://t.co/nKKXrRWiJa",0,0,Twitter for iPhone,http://twitter.com/download/iphone
23-11-20 23:37,1.33E+18,"@sayhaikiko Permisi ka numpang ngelapak yahâœ¨ğŸ™†â€â™€ï¸ğŸ¥°
Oiya selain jual aplikasi premium dengan harga murah aku juga bukâ€¦ https://t.co/5iFhC1LAYt",0,0,Twitter for iPhone,http://twitter.com/download/iphone
23-11-20 23:36,1.33E+18,"@MASADEPANMU09 @HaWesMboh Permisi ka numpang ngelapak yahâœ¨ğŸ™†â€â™€ï¸ğŸ¥°
Oiya selain jual aplikasi premium dengan harga muraâ€¦ https://t.co/f4X4A8v2OA",0,0,Twitter for iPhone,http://twitter.com/download/iphone
23-11-20 23:36,1.33E+18,"@Rain_shefaa @HaWesMboh Permisi ka numpang ngelapak yahâœ¨ğŸ™†â€â™€ï¸ğŸ¥°
Oiya selain jual aplikasi premium dengan harga murahâ€¦ https://t.co/esQhBv42Tx",0,0,Twitter for iPhone,http://twitter.com/download/iphone
23-11-20 23:36,1.33E+18,"@suniyasatila_ @timelinetwiittr Permisi ka numpang ngelapak yahâœ¨ğŸ™†â€â™€ï¸ğŸ¥°
Oiya selain jual aplikasi premium dengan hargâ€¦ https://t.co/E0ueLcqtYc",0,0,Twitter for iPhone,http://twitter.com/download/iphone
23-11-20 23:35,1.33E+18,@collegemenfess bni taplus muda,0,0,Twitter for iPhone,http://twitter.com/download/iphone
23-11-20 23:34,1.33E+18,@collegemenfess Akuu pakai bni syariahh nderrrrrr,0,0,Twitter for Android,http://twitter.com/download/android
23-11-20 23:34,1.33E+18,Lontong sayur khas Banjarmasin di Jogja depan BNI pasar Kolombo jakal https://t.co/NL3kPvisX5,0,0,Twitter for Android,http://twitter.com/download/android
23-11-20 23:34,1.33E+18,"BNI Buka Peluang Magang di Luar Negeri, Ini Syaratnya

https://t.co/4zqU2qPUNQ

#10thindoposonline #senyumindoposâ€¦ https://t.co/S3ocpDZHXV",0,2,Twitter Web App,https://mobile.twitter.com
23-11-20 23:33,1.33E+18,@collegemenfess BNI taplus muda nderr wkwk,0,0,Twitter for Android,http://twitter.com/download/android
23-11-20 23:32,1.33E+18,@Supreme26447702 @BNI Aamiin,0,0,Twitter for iPhone,http://twitter.com/download/iphone
23-11-20 23:32,1.33E+18,"RT @SaveRome: A couple more for #MuseumsUnlocked - Hands and Feet.

The hand (and arm) of a Boxer, at Palazzo Altemps, part of the BNI collâ€¦",3,0,Talon Android,http://klinkerapps.com
23-11-20 23:32,1.33E+18,"@punyatantan @timelinetwiittr MungkinğŸ¥º
Permisi ka numpang ngelapak yahâœ¨ğŸ™†â€â™€ï¸ğŸ¥°
Oiya selain jual aplikasi premium dengâ€¦ https://t.co/K6qhD0DJep",0,0,Twitter for iPhone,http://twitter.com/download/iphone
23-11-20 23:32,1.33E+18,@ItsIsnadia @BNISyariah @BPJSTKinfo Sama saya bni syariah gan,0,0,Twitter for iPhone,http://twitter.com/download/iphone
23-11-20 23:32,1.33E+18,@BNI @BNICustomerCare mohon ditanggapi dengan serius terkait crashnya aplikasi BNI Credit Card Mobile di iOS. Ini dâ€¦ https://t.co/fyP1RvqKxN,0,0,Twitter for iPhone,http://twitter.com/download/iphone
23-11-20 23:32,1.33E+18,"@aslinyaejak @timelinetwiittr Permisi ka numpang ngelapak yahâœ¨ğŸ™†â€â™€ï¸ğŸ¥°
Oiya selain jual aplikasi premium dengan hargaâ€¦ https://t.co/mNNp2L1XMI",0,0,Twitter for iPhone,http://twitter.com/download/iphone
23-11-20 23:31,1.33E+18,"@Dzaenatun @timelinetwiittr PernahğŸ¥º

Permisi ka numpang ngelapak yahâœ¨ğŸ™†â€â™€ï¸ğŸ¥°
Oiya selain jual aplikasi premium denganâ€¦ https://t.co/5RK61z2QKL",0,0,Twitter for iPhone,http://twitter.com/download/iphone
23-11-20 23:31,1.33E+18,"@azbnss @timelinetwiittr Aku juga nyari jawaban deh ka :â€™

Permisi ka numpang ngelapak yahâœ¨ğŸ™†â€â™€ï¸ğŸ¥°
Oiya selain jual aâ€¦ https://t.co/PHRGi4LjuQ",0,0,Twitter for iPhone,http://twitter.com/download/iphone
23-11-20 23:31,1.33E+18,@collegemenfess bni taplus mudaaaa,0,0,Twitter for Android,http://twitter.com/download/android
23-11-20 23:31,1.33E+18,"@QANR__ @timelinetwiittr Permisi ka numpang ngelapak yahâœ¨ğŸ™†â€â™€ï¸ğŸ¥°
Oiya selain jual aplikasi premium dengan harga murahâ€¦ https://t.co/G3X8H9TiZG",0,0,Twitter for iPhone,http://twitter.com/download/iphone
23-11-20 23:31,1.33E+18,"Bunga deposito BRI turun jadi 3,63%, BCA 3,25%, Bank Mandiri 3,75%, BNI 3,25% https://t.co/YvSOO9RfRF",0,1,IFTTT,https://ifttt.com
23-11-20 23:31,1.33E+18,"@timelinetwiittr Permisi ka numpang ngelapak yahâœ¨ğŸ™†â€â™€ï¸ğŸ¥°
Oiya selain jual aplikasi premium dengan harga murah aku jugâ€¦ https://t.co/DlVKxDe7vg",0,0,Twitter for iPhone,http://twitter.com/download/iphone
23-11-20 23:30,1.33E+18,"â­ï¸ CANVA â­ï¸

1bln 14.000
1thn 32.000 (garansi 6bln)

ğŸ’³ BNI DANA OVO GOPAY",0,0,Cubi.so,https://www.cub.so
23-11-20 23:30,1.33E+18,"@cumaduahuruf Riau ka

Permisi ka numpang ngelapak yahâœ¨ğŸ™†â€â™€ï¸ğŸ¥°
Oiya selain jual aplikasi premium dengan harga murah aâ€¦ https://t.co/ol6uqH88ut",0,0,Twitter for iPhone,http://twitter.com/download/iphone
23-11-20 23:30,1.33E+18,"[TOP UP TOKEN PLN] 

Jangan lupa isi token pln rumah/ kosan hyung 

ğŸ’³ payment via gopay/ovo/ dana/ shopeepay/ bni https://t.co/9KfUaSEeUw",0,0,Twitter for Android,http://twitter.com/download/android
23-11-20 23:30,1.33E+18,"[cm] aku mau buka rekening, mending bni atau bca ya buat mahasiswa? MakasiğŸ’•",0,16,Pakai masker! Stay safe! -Bot-,https://twitter.com/collegemenfess
23-11-20 23:29,1.33E+18,"[JUAL PULSA ELEKTRIK &amp; TRANSFER, TOP UP E-WALLET]

Buat kamu yg lagi butuh pulsa? mau isi saldo e-wallet? buruan orâ€¦ https://t.co/scEr3Xb8GM",0,0,Twitter for Android,http://twitter.com/download/android
23-11-20 23:28,1.33E+18,"Bunga deposito BRI turun jadi 3,63%, BCA 3,25%, Bank Mandiri 3,75%, BNI 3,25% https://t.co/Tnrgg9ilwD #mandiri_itu_keren",0,0,IFTTT,https://ifttt.com
23-11-20 23:28,1.33E+18,"âœ¨JUAL APK PREMIUMâœ¨

-wattpad
-scribd
-grammarly
-preset lightroom
-vsco x full pack
-canva premium
-nord vpn
-Namecâ€¦ https://t.co/ziE9YiTzTC",0,0,Twitter for Android,http://twitter.com/download/android
23-11-20 23:28,1.33E+18,"âœ¨JUAL APK PREMIUMâœ¨

-netflix
-youtube premium
-viu premium
-hbo go
-disney hotstar
-wetv
-iqiyi
-iflix vip
-spotifyâ€¦ https://t.co/s3lVwVq4MG",0,0,Twitter for Android,http://twitter.com/download/android
23-11-20 23:25,1.33E+18,Bank-bank pelat merah alias badan usaha milik negara (BUMN) tersebut telah membagikan dividen kepada para pemegangâ€¦ https://t.co/ssle89zvjk,0,2,Twitter Web App,https://mobile.twitter.com
23-11-20 23:23,1.33E+18,@BNI Tulang punggung apanya.. sampai saat ini BLT tidak cair.. uangnya uda kamu pakai kan,0,0,Twitter for Android,http://twitter.com/download/android
23-11-20 23:23,1.33E+18,"@scramblepapi @ciwayyys @eeeerwindwi ğŸ’®Netflix Premium 30kğŸ’®

Ready. TF Lgsg dapat akun. WA utk fast response ğŸ¤— (â€¦ https://t.co/Pyw20WA1pc",0,0,Twitter for Android,http://twitter.com/download/android
23-11-20 23:22,1.33E+18,"@annasardiansyh ğŸ’®Netflix Premium 30kğŸ’®

Ready. TF Lgsg dapat akun. WA utk fast response ğŸ¤— (https://t.co/GDVTioS1pe)â€¦ https://t.co/Sq5jqDQrc0",0,0,Twitter for Android,http://twitter.com/download/android
23-11-20 23:22,1.33E+18,"@fetcshaa ğŸ’®Netflix Premium 30kğŸ’®

Ready. TF Lgsg dapat akun. WA utk fast response ğŸ¤— (https://t.co/GDVTioS1pe)

ğŸ’ Trusâ€¦ https://t.co/3F45TL6NiQ",0,0,Twitter for Android,http://twitter.com/download/android
23-11-20 23:21,1.33E+18,RT @KontanNews: BNI Syariah bakal luncurkan uang elektronik syariah https://t.co/dxkVDO4Vap #bank,1,0,Twitter for iPhone,http://twitter.com/download/iphone
23-11-20 23:19,1.33E+18,@Regista1757 @BNI Uda d bagi bagi ke karyawannya ğŸ˜‚,0,0,Twitter for Android,http://twitter.com/download/android
23-11-20 23:18,1.33E+18,"@Tlswd_ @andammaa @AndreMonggesan1 iya ni.. bni blm cair... Jangan jangan uangnya uda d pakai, untuk d bagi bagi ma karyawannyabğŸ˜‚",0,0,Twitter for Android,http://twitter.com/download/android
23-11-20 23:17,1.33E+18,"@watchfess ğŸ’®Netflix Premium 30kğŸ’®

Ready. TF Lgsg dapat akun. WA utk fast response ğŸ¤— (https://t.co/GDVTioS1pe)

ğŸ’ Truâ€¦ https://t.co/09FfDy9bBT",0,0,Twitter for Android,http://twitter.com/download/android
23-11-20 23:16,1.33E+18,@biji_melinjo @BankofAmerica @BNI @bank_indonesia @bankmandiri @Bankboubyan @sidbiofficial @MaybankID @BankBTNcoidâ€¦ https://t.co/piMYcSKe6N,0,0,Twitter Web App,https://mobile.twitter.com
23-11-20 23:15,1.33E+18,IDRPOKER PKV GAMES MERUPAKAN SITUS YANG SUDAH BERDIRI SEJAK 2012 LALU. AGEN PKV INI BEKERJA SAMA DENGAN BANK TERNAMâ€¦ https://t.co/oCU6zhmFYl,0,0,Twitter Web App,https://mobile.twitter.com
23-11-20 23:15,1.33E+18,IDRPOKER PKV GAMES MERUPAKAN SITUS YANG SUDAH BERDIRI SEJAK 2012 LALU. AGEN PKV INI BEKERJA SAMA DENGAN BANK TERNAMâ€¦ https://t.co/F2iOAvShyP,0,0,Twitter Web App,https://mobile.twitter.com
23-11-20 23:15,1.33E+18,[sz] tf 22k in rush bisa dana/bni,0,0,Sell Kpop Zone,https://twitter.com/sellkpopzone
23-11-20 23:15,1.33E+18,"Bunga deposito BRI turun jadi 3,63%, BCA 3,25%, Bank Mandiri 3,75%, BNI 3,25% https://t.co/GHSOyih1CB #Deposito",0,0,Kontan Tweet,http://www.kontan.co.id
24-11-20 23:59,1.33E+18,"RT @onespacestore: HELP RT [#PreOrder_OSS] 
IZ*ONE -  ONE REELER ACT IV

ğŸ’°270k/ver ğŸ·ï¸DP 160k
ğŸ’°810k/set ğŸ·ï¸DP 500k

âœ”ï¸Include ems+tax
âœ”ï¸DP/Fuâ€¦",125,0,Twitter for Android,http://twitter.com/download/android
24-11-20 23:56,1.33E+18,"punten, kalo BNI !UPI hari ini buka ga ya?",0,0,DrupiFess,https://biol.be
24-11-20 23:55,1.33E+18,"@aerbee Hai  Kak, mohon maaf atas kendalanya. Agar kami apat melakukan pengecekan bisa diinformasikan detail kendalâ€¦ https://t.co/A28alQNNNg",0,0,BNI Socio Twitter,https://www.bni.co.id/id-id/
24-11-20 23:52,1.33E+18,"RT @nanananons: start: 25 nov 2020
end: 5 dec 2020

ğŸ§š payment system:
â€” dp 25k/each
â€” fullpayment

dana/bni/shopeepay

pelunasan via sh00peâ€¦",5,0,Twitter for Android,http://twitter.com/download/android
24-11-20 23:50,1.33E+18,"RT @clovejswoo: PO RESONANCE PT.2
(Arrival Ver.) 

ğŸ’° 275K || DP 160K 

âœ”EMS+TAX
âœ”Web Ktown4u
âœ”Direct EMS
âœ”COğŸŠ 
ğŸ Freebies 
ğŸ’³BNI/DANA/OVO
ğŸ“Jâ€¦",11,0,Twitter for Android,http://twitter.com/download/android
24-11-20 23:50,1.33E+18,"RT @Ronnie_Rusli: Daftar pengidap penyakit kronis
(all debt due Global Bond)
1. Pertamina
2. Inalum
3. Pelindo 2 and 3
4. Garuda
5. Mandiriâ€¦",121,0,Twitter for Android,http://twitter.com/download/android
24-11-20 23:49,1.33E+18,RT @Indomaret: Dapatkan hematnya produk-produk Promo HEBOH hanya di Indomaret selama periode 25 November - 1 Desember 2020. S&amp;K Debit/Krediâ€¦,3,0,Twitter Web App,https://mobile.twitter.com
24-11-20 23:48,1.33E+18,"Transfer k No rekening
BRI 411401008723530
BCA 7771084161
BNI 0252850369
a/n Mohamad Ridwan, minta nama, alamat smaâ€¦ https://t.co/xCVXoqRMY2",0,0,twittbot.net,http://twittbot.net/
24-11-20 23:48,1.33E+18,"@rdiee87 @rdiee87 Pagi, Sahabat. Perihal pencairan, silakan ulangi kembali secara berkala menggunakan pc/laptop melâ€¦ https://t.co/jmvdwg3GJo",0,0,Socio Enterprise,https://www.infomedia.co.id
24-11-20 23:47,1.33E+18,"RT @PurpleCaliSkies: Jika berkenan, boleh sekali berapapun sumbangannya ke:
90012597746 (Jenius/BTPN) a.n Arika Fadia Putri Kairuzan
atau
0â€¦",43,0,Twitter for Android,http://twitter.com/download/android
24-11-20 23:46,1.33E+18,ğŸ˜· As BNI members we are all having to adjust and deal with no 'face to face' meetings - but it might just be an unpâ€¦ https://t.co/MK8DdE9FLu,0,0,IFTTT,https://ifttt.com
24-11-20 23:39,1.33E+18,Ada yg mau tukeran Dana ke BNI ga? ğŸ¥º,0,0,Twitter for Android,http://twitter.com/download/android
24-11-20 23:30,1.33E+18,RT @Indomaret: Dapatkan hematnya produk-produk Promo HEBOH hanya di Indomaret selama periode 25 November - 1 Desember 2020. S&amp;K Debit/Krediâ€¦,3,0,Twitter for Android,http://twitter.com/download/android
24-11-20 23:30,1.33E+18,@BNICustomerCare @BNI Admin semoga sehat selalu mau bertanya apakah ada pembukaan loker bagian Cc.,0,0,Twitter for Android,http://twitter.com/download/android
24-11-20 23:30,1.33E+18,#CariAlamat Alamat ATM BNI KCP Sidrap Makassar https://t.co/QUvohpkUeP,0,0,carialamatTwit,http://www.carialamat.com
24-11-20 23:23,1.33E+18,"@goodboiyy Halo kak, Mohon maaf atas ketidaknyamanannya.
Untuk informasi lebih lanjut silahkan kakak hubungi BNI
Liâ€¦ https://t.co/R856rd3QOe",0,0,Twitter for Android,http://twitter.com/download/android
24-11-20 23:21,1.33E+18,"@bapaukacang_jr Halo kak, Mohon maaf atas ketidaknyamanannya.
Untuk informasi lebih lanjut silahkan kakak hubungi Bâ€¦ https://t.co/qKhj5EDn8m",0,0,Twitter for Android,http://twitter.com/download/android
24-11-20 23:20,1.33E+18,"@BNICustomerCare @BNI Saya mau bertanya, kenapa tidak bisa login aplikasi ya ada pesan ""user id sudah diaktifasi paâ€¦ https://t.co/dhNCA9t6Qn",0,0,Twitter for Android,http://twitter.com/download/android
24-11-20 23:20,1.33E+18,RT @Indomaret: Dapatkan hematnya produk-produk Promo HEBOH hanya di Indomaret selama periode 25 November - 1 Desember 2020. S&amp;K Debit/Krediâ€¦,3,0,Twitter for iPhone,http://twitter.com/download/iphone
24-11-20 23:18,1.33E+18,@BNI ini nipu ya min... soalnya Di atm gak ada Saldo nya.. padahal cuma buat buku tabungan tapi biaya sampe 3juta..â€¦ https://t.co/COcjoacEbA,0,0,Twitter Web App,https://mobile.twitter.com
24-11-20 23:15,1.33E+18,"âœ”ï¸Jimin 75kâœ…âœ…
âœ”ï¸Tae 85kâœ…âœ…
âœ”ï¸Jk 85kâœ…âœ…
âœ”ï¸Rm 40kâœ…âœ…
âœ”ï¸Jhope 35kâœ…âœ…
-All mem pc 30kâœ…âŒ
-Polaroid PC 100kâœ…âœ…
-Photo frame +â€¦ https://t.co/VuKZYglKJF",0,0,Twitter for iPhone,http://twitter.com/download/iphone
24-11-20 23:13,1.33E+18,"yo bener, wedok kadang gaiso mandiri. 
kadang bri, bca, bni ngono.",0,1,Twitter for iPhone,http://twitter.com/download/iphone
24-11-20 23:12,1.33E+18,"Hadiah langsung bagi 46ribu pemenang setiap bulan dg bertransaksi via BNI E-Channel, BNI Kartu Debit &amp; BNI Debit Online. S&amp;K #RBT2014",0,0,twittbot.net,http://twittbot.net/
24-11-20 23:05,1.33E+18,"OPEN PO KAI - Mini Album Vol.1 [KAI (å¼€)]

PRICE
280k/Ver.
DP 130k

Payment:
BNI/BCA
DANA/OVO

- FIX PRICE (Tax + EMâ€¦ https://t.co/Isw0LmmKDW",0,1,Twitter for iPhone,http://twitter.com/download/iphone
24-11-20 23:00,1.33E+18,Dapatkan hematnya produk-produk Promo HEBOH hanya di Indomaret selama periode 25 November - 1 Desember 2020. S&amp;K Deâ€¦ https://t.co/MeY8drEd3I,3,3,TweetDeck,https://about.twitter.com/products/tweetdeck
24-11-20 22:59,1.33E+18,"RT @Ronnie_Rusli: Daftar pengidap penyakit kronis
(all debt due Global Bond)
1. Pertamina
2. Inalum
3. Pelindo 2 and 3
4. Garuda
5. Mandiriâ€¦",121,0,Twitter for Android,http://twitter.com/download/android
24-11-20 22:59,1.33E+18,@KemnakerRI Saya yang gelombang pertama bacth 1 sampai sekarang belum menerima digel 2 ini.  semua data valid dan sâ€¦ https://t.co/aMWyN3pR1q,0,0,Twitter for Android,http://twitter.com/download/android
24-11-20 22:58,1.33E+18,Je vois yâ€™a bcp de rif sur Twitter zehma yâ€™a pas des Bni Znassen comme moi ?,0,0,Twitter for iPhone,http://twitter.com/download/iphone
24-11-20 22:57,1.33E+18,"@BTS_twt âœ”ï¸Jimin 75kâœ…âœ…
âœ”ï¸Tae 85kâœ…âœ…
âœ”ï¸Jk 85kâœ…âœ…
âœ”ï¸Rm 40kâœ…âœ…
âœ”ï¸Jhope 35kâœ…âœ…
-All mem pc 30kâœ…âŒ
-Polaroid PC 100kâœ…âœ…
-Photoâ€¦ https://t.co/E4jlE76GV2",0,0,Twitter for iPhone,http://twitter.com/download/iphone
24-11-20 22:55,1.33E+18,"Ini bun saya ada info baru, Sudah Cair ke Rekening BCA, BNI, Mandiri, CIMB Niaga Cek BLT BPJS Subsidi Upah Gelombanâ€¦ https://t.co/KeS5BhIKPx",0,0,Twitter for Android,http://twitter.com/download/android
24-11-20 22:48,1.33E+18,"Setelah order dan barang yg kamu pesan tersedia, kamu bisa melakukan pembayaran transfer via BCA, CIMB niaga, BRI &amp; BNI",0,0,twittbot.net,http://twittbot.net/
24-11-20 22:47,1.33E+18,"RT @Ronnie_Rusli: Daftar pengidap penyakit kronis
(all debt due Global Bond)
1. Pertamina
2. Inalum
3. Pelindo 2 and 3
4. Garuda
5. Mandiriâ€¦",121,0,Twitter for Android,http://twitter.com/download/android
24-11-20 22:45,1.33E+18,@Ongcip90 Selamat pagi. Untuk layanan Mikrotrans selain kartu jak lingko dapat menggunakan kartu uang elektronik Jaâ€¦ https://t.co/pj5TSqw1oB,0,0,TweetDeck,https://about.twitter.com/products/tweetdeck
24-11-20 22:35,1.33E+18,"Sebagiannya jadi Bank BUMN, Mandiri, BNI, BRI juga.",0,0,Twitter Web App,https://mobile.twitter.com
24-11-20 22:35,1.33E+18,"@Tommy_Tomod @KemnakerRI Sabar bang ane juga blm cair ni BANK BNI,  tunggu aja bang sampe awal bln desember tahap 5",0,0,Twitter for Android,http://twitter.com/download/android
24-11-20 22:34,1.33E+18,"@KemnakerRI Sampai dengan malam td, saya cek di rek bni saya blm ada trnferan dana BSU, pdhl di GEL 1 sy sdh meneriâ€¦ https://t.co/IwUbjgKr2G",0,0,Twitter Web App,https://mobile.twitter.com
24-11-20 22:34,1.33E+18,@Acengkone2 @KemnakerRI @idafauziyah BNI syariah udah banyak yg cair tadi malam,0,1,Twitter for Android,http://twitter.com/download/android
25-11-20 23:58,1.33E+18,Bank BNI Sudah Mengembalikan Saldo Saya - https://t.co/9hOzxBE0lY CC @BNICustomerCare,0,0,MediaKonsumenID,http://www.mediakonsumen.com
25-11-20 23:57,1.33E+18,"need cv gopay ke bni 50k dong

#zonauang",0,0,Twitter for Android,http://twitter.com/download/android
25-11-20 23:56,1.33E+18,"@BNICustomerCare pagi min, mau tanya. Kan bukti pembayaran UKT saya hilang dan saya bayarnya lewat teller, di cabanâ€¦ https://t.co/FbrvXC0p3G",0,0,Twitter Web App,https://mobile.twitter.com
25-11-20 23:56,1.33E+18,"@ferryutomooo  PIN, User ID dan password e-Banking agar tidak diinformasikan kepada pihak lain, termasuk kepada pihâ€¦ https://t.co/0MwWliRUEK",0,0,BNI Socio Twitter,https://www.bni.co.id/id-id/
25-11-20 23:52,1.33E+18,"@dnwandana Maaf ya Kak Dana, sampai saat ini fitur BNI Debit Online/VCN masih dalam proses peningkatan Layanan. Janâ€¦ https://t.co/SbQ4ZKJprN",0,0,BNI Socio Twitter,https://www.bni.co.id/id-id/
25-11-20 23:44,1.33E+18,@Noleslyy bni,0,1,Twitter for Android,http://twitter.com/download/android
25-11-20 23:37,1.33E+18,@bebastanyaa BNI syariah,0,0,Twitter for Android,http://twitter.com/download/android
25-11-20 23:33,1.33E+18,"@fairuz_salwa Tipe wanita MANDIRI ...
Tapi kalo adanya BNI, BCA, atau BRI juga gpp :-)",0,1,Twitter for Android,http://twitter.com/download/android
25-11-20 23:31,1.33E+18,"@BNI selamat pagi min, apakah selama pandemi pelayanan di teller atau cs dibatasi 60 orang di bank KCP? Kami harusâ€¦ https://t.co/yWAqxLe0kw",0,0,Twitter for iPhone,http://twitter.com/download/iphone
25-11-20 23:31,1.33E+18,"Jasa Like foto instagram murah VIA PULSA/BNI. 4000like=40rb, bisa dibagi maks 10 foto. harga berlaku kelipatan. minat? 0838 1110 4464",0,0,twittbot.net,http://twittbot.net/
25-11-20 23:29,1.33E+18,@bebastanyaa BNI Syariah nder,0,0,Twitter for Android,http://twitter.com/download/android
25-11-20 23:23,1.33E+18,@bebastanyaa Di bni syariahnya nder,0,0,Twitter for Android,http://twitter.com/download/android
25-11-20 23:22,1.33E+18,mautanya! klo mau bikin tabungan bni syariah itu di bank bni biasa ato gmn sik wkwk ak gatau tolong Infonya guys,0,5,Bebastanyaa,https://twitter.com/askrlcare
25-11-20 23:19,1.33E+18,"@kumparan waduh, aku juga punya ATM BNI, gimana nih",0,0,Twitter for Android,http://twitter.com/download/android
25-11-20 23:17,1.33E+18,@bahruldul @KemnakerRI @idafauziyah @BPJSTKinfo @BNI @BNICustomerCare ini liet nya bgmn cr nya kak,0,0,Twitter for Android,http://twitter.com/download/android
25-11-20 23:15,1.33E+18,"Gunakan Debit BCA dan BNI 46 sebagai pembayaran di JNE Kalimantan Blitar, Mudah dan Praktis.#JNEBLITAR",0,0,twittbot.net,http://twittbot.net/
25-11-20 23:09,1.33E+18,"tolonk yg punya kenalan ordal bni kasih tau aku dong, gila jam segini saingan mak2nya udh serame itu",0,0,Twitter for Android,http://twitter.com/download/android
25-11-20 23:01,1.33E+18,"Jasa Like foto instagram murah VIA PULSA/BNI. 3000like=30rb, bisa dibagi maks 10 foto. harga berlaku kelipatan. minat? 0838 1110 4464",0,0,twittbot.net,http://twittbot.net/
25-11-20 22:59,1.33E+18,@masmasjawabgt Transfer bni,0,0,Twitter for Android,http://twitter.com/download/android
25-11-20 22:42,1.33E+18,Info lengkap mengenai Rejeki BNI Taplus 2014 klik https://t.co/DUT21cKjFL #RBT2014,0,0,twittbot.net,http://twittbot.net/
25-11-20 22:27,1.33E+18,Baru saja mengirim video @ BNI Pekalongan https://t.co/oH00VtmYSK,0,0,Instagram,http://instagram.com
25-11-20 22:26,1.33E+18,Baru saja mengirim video @ BNI Pekalongan https://t.co/FeiduG19sY,0,0,Instagram,http://instagram.com
25-11-20 22:22,1.33E+18,@BNI Kak tolong infonya dong di sms banking saya ada penarikan saldo sebanyak 17 juta dengan berita BV TRK TRF STDâ€¦ https://t.co/cFelfeAXYe,0,0,Twitter for Android,http://twitter.com/download/android
26-11-20 23:59,1.33E+18,"@two8store_ Halo kak, Mohon Maaf atas ketidaknyamanannya. Untuk informasi lebih lanjut silahkan kakak hubungi BNI Lâ€¦ https://t.co/YbdoFnozOP",0,0,Twitter for Android,http://twitter.com/download/android
26-11-20 23:59,1.33E+18,"RT @Ronnie_Rusli: Daftar pengidap penyakit kronis
(all debt due Global Bond)
1. Pertamina
2. Inalum
3. Pelindo 2 and 3
4. Garuda
5. Mandiriâ€¦",121,0,Twitter for Android,http://twitter.com/download/android
26-11-20 23:56,1.33E+18,Halo BNI @BNI ini gimana ya rekening saya sudah terpotong tapi saldo belum masuk? Sudah saya tunggu sejak tadi maleâ€¦ https://t.co/afrsGpWYFg,0,1,Twitter for Android,http://twitter.com/download/android
26-11-20 23:49,1.33E+18,"@Adriantook Hai Kak, terima kasih atas infonya ya. Akan kami teruskan ke pihak terkait. Mohon Kakak selalu berhati-â€¦ https://t.co/rEApYiHG7u",0,0,BNI Socio Twitter,https://www.bni.co.id/id-id/
26-11-20 23:48,1.33E+18,"Transfer k No rekening
BRI 411401008723530
BCA 7771084161
BNI 0252850369
a/n Mohamad Ridwan, minta nama, alamat smaâ€¦ https://t.co/qg953JUS4G",0,0,twittbot.net,http://twittbot.net/
26-11-20 23:44,1.33E+18,"@zyietha_pinkers Halo kak,Mohon maaf atas ketidaknyamanannya.
Untuk informasi lebih lanjut silakan kakak hubungi BNâ€¦ https://t.co/JzUi4eKMr0",0,0,Twitter for Android,http://twitter.com/download/android
26-11-20 23:43,1.33E+18,"@amassptr Halo kak,Mohon maaf atas ketidaknyamanannya.
Untuk informasi lebih lanjut silakan kakak hubungi BNI
LiveCâ€¦ https://t.co/GhiKOD68P7",0,0,Twitter for Android,http://twitter.com/download/android
26-11-20 23:43,1.33E+18,"@nvptri  Halo Kak, DM Kakak akan segera kami respon ya. Mohon menunggu ya Kak. Tks -Giani-",0,0,BNI Socio Twitter,https://www.bni.co.id/id-id/
26-11-20 23:36,1.33E+18,@BNI bisa gak yg Prakerja sama BLT pencairannya langsung masuk atm mereka aja. Kasihan yang baru dapat bantuan BSUâ€¦ https://t.co/qYca8IXfHu,0,0,Twitter for iPhone,http://twitter.com/download/iphone
26-11-20 23:34,1.33E+18,"Peringati Hari Guru, BNI Syariah Gelar Webinar Bersama ESQ - https://t.co/Dv9UYwjYuP via @Shareaholic",0,0,Twitter Web App,https://mobile.twitter.com
26-11-20 23:31,1.33E+18,Jasa Followers instagram murah VIA BNI. 1000Followers=30rb. harga berlaku kelipatan. minat? 0838 1110 4464,0,0,twittbot.net,http://twittbot.net/
26-11-20 23:30,1.33E+18,"@jenduckiechan  Hai Kak, mengenai pencairan BNI Tapenas jika dilakukan sebelum jatuh tempo, maka dikenakan biaya keâ€¦ https://t.co/egOgYxcvhm",0,0,BNI Socio Twitter,https://www.bni.co.id/id-id/
26-11-20 23:22,1.33E+18,@discountfess Selain BRI BCA BNI Mandiri kena 3k emang ges,0,0,Twitter for Android,http://twitter.com/download/android
26-11-20 23:22,1.33E+18,"@urTylenol Hai Kak, mohon maaf atas kendalanya ya. Saat ini BNI Mobile Banking kami terpantau normal, silahkan dicoâ€¦ https://t.co/8VPiBENlUf",0,0,BNI Socio Twitter,https://www.bni.co.id/id-id/
26-11-20 23:11,1.33E+18,"@lusiyapaya @BNICustomerCare . Halo kak,Mohon maaf atas ketidaknyamanannya.
Untuk informasi lebih lanjut silakan kaâ€¦ https://t.co/Qxa2i0393B",0,0,Twitter for Android,http://twitter.com/download/android
26-11-20 23:05,1.33E+18,"Eeitss tak ketinggalan! Bagi Kalian yang suka gunakan Shopee dan kartu Kredit BNI serta TAP Cash, ada juga nih promâ€¦ https://t.co/vLxzXPOcVF",1,7,Hootsuite Inc.,https://www.hootsuite.com
26-11-20 23:04,1.33E+18,"@lusiyapaya Halo kak,Mohon maaf atas ketidaknyamanannya.
Untuk informasi lebih lanjut silakan kakak hubungi BNI
Livâ€¦ https://t.co/In7WOjJSPO",0,0,Twitter for Android,http://twitter.com/download/android
26-11-20 23:01,1.33E+18,Jasa Followers instagram murah VIA BNI. 500Followers=15rb. harga berlaku kelipatan. minat? 0838 1110 4464,0,0,twittbot.net,http://twittbot.net/
26-11-20 22:54,1.33E+18,"Menyediakan layanan bank online 24 jam nonstop yang di awali bank lokal BCA, BRI, BNI, MANDIRI, DANAMON, CIMB NIAGAâ€¦ https://t.co/67uNdUZICn",0,0,Twitter Web App,https://mobile.twitter.com
26-11-20 22:51,1.33E+18,"@HerlanggaARV @gojekindonesia . Halo kak,Mohon maaf atas ketidaknyamanannya.
Untuk informasi lebih lanjut silakan kâ€¦ https://t.co/sWjH1K1yx5",0,0,Twitter for Android,http://twitter.com/download/android
26-11-20 22:48,1.33E+18,"Setelah order dan barang yg kamu pesan tersedia, kamu bisa melakukan pembayaran transfer via BCA, CIMB niaga, BRI &amp; BNI",0,0,twittbot.net,http://twittbot.net/
26-11-20 22:47,1.33E+18,"@gojekindonesia Permisi admin @gojekindonesia. Pagi ini saya topup Gopay lewat M banking BNI, tertulis transaksi toâ€¦ https://t.co/QyvxeaFEhu",0,0,Twitter for Android,http://twitter.com/download/android
26-11-20 22:46,1.33E+18,@mhmmdsykrn_ @discountfess Bni syari'ah? Kok bisa aaaa ğŸ˜­,0,0,Twitter for Android,http://twitter.com/download/android
26-11-20 22:45,1.33E+18,"@BNI Maaf izin tanya, rekening pasif masih bisa menerima uang transferan dari rek. Lain, apakah uangnya masih bisa kita ambil??",0,0,Twitter for Android,http://twitter.com/download/android
26-11-20 22:40,1.33E+18,"RT @BNI: Kalian pasti udah kangen liburan kan? Paham banget kok kalo kangen itu berat. Nah, BNI kasih kamu kesempatan untuk bisa liburan amâ€¦",3,0,Twitter for Android,http://twitter.com/download/android
26-11-20 22:39,1.33E+18,"RT @BNI: Berbagai produk pilihan yg bisa menunjang penampilan sehari-hari bisa kamu dapatkan di Urban Icon. Dgn Kartu Kredit, Kartu Debit,â€¦",2,0,Twitter for Android,http://twitter.com/download/android
26-11-20 22:32,1.33E+18,"Di hari yang penuh keutamaan ini, mari tunaikan Sedekah untuk meraih ridha Allah swt. Salurkan melalui transfer rekâ€¦ https://t.co/cAzcqvyjEk",0,1,Twitter for Android,http://twitter.com/download/android
26-11-20 22:16,1.33E+18,Giat Anggota Polsek Gandrungmangu melaksanakan Thunder Patrol di ATM BNI Gandrungmangu Cilacap situasi aman dan konâ€¦ https://t.co/adHYQc6vPu,0,0,Instagram,http://instagram.com
26-11-20 22:12,1.33E+18,"Halo kak,Mohon maaf atas ketidaknyamanannya.
Untuk informasi lebih lanjut silakan kakak hubungi BNI
LiveChat WhastAâ€¦ https://t.co/0puUkar7gl",0,0,Twitter for Android,http://twitter.com/download/android
26-11-20 22:12,1.33E+18,"Halo kak,Mohon maaf atas ketidaknyamanannya.
Untuk informasi lebih lanjut silakan kakak hubungi BNI
LiveChat WhastAâ€¦ https://t.co/yRvOVVAIgd",0,0,Twitter for Android,http://twitter.com/download/android
26-11-20 22:11,1.33E+18,"Halo kak,Mohon maaf atas ketidaknyamanannya.
Untuk informasi lebih lanjut silakan kakak hubungi BNI
LiveChat WhastAâ€¦ https://t.co/VeUJolWYs7",0,0,Twitter for Android,http://twitter.com/download/android
26-11-20 22:11,1.33E+18,"Halo kak,Mohon maaf atas ketidaknyamanannya.
Untuk informasi lebih lanjut silakan kakak hubungi BNI
LiveChat WhastAâ€¦ https://t.co/XlhH5Ky2nP",0,0,Twitter for Android,http://twitter.com/download/android
26-11-20 22:10,1.33E+18,"Halo kak,Mohon maaf atas ketidaknyamanannya.
Untuk informasi lebih lanjut silakan kakak hubungi BNI
LiveChat WhastAâ€¦ https://t.co/aTT9GUnMSO",0,0,Twitter for Android,http://twitter.com/download/android
26-11-20 22:09,1.33E+18,"Halo kak,Mohon maaf atas ketidaknyamanannya.
Untuk informasi lebih lanjut silakan kakak hubungi BNI
LiveChat WhastAâ€¦ https://t.co/eu2HDWddCi",0,0,Twitter for Android,http://twitter.com/download/android
26-11-20 22:09,1.33E+18,"Halo kak,Mohon maaf atas ketidaknyamanannya.
Untuk informasi lebih lanjut silakan kakak hubungi BNI
LiveChat WhastAâ€¦ https://t.co/a5K9Oc77ia",0,0,Twitter for Android,http://twitter.com/download/android
26-11-20 22:08,1.33E+18,"Halo kak,Mohon maaf atas ketidaknyamanannya.
Untuk informasi lebih lanjut silakan kakak hubungi BNI
LiveChat WhastAâ€¦ https://t.co/Tjep8SXm58",0,0,Twitter for Android,http://twitter.com/download/android
26-11-20 22:08,1.33E+18,"@urTylenol Halo kak,Mohon maaf atas ketidaknyamanannya.
Untuk informasi lebih lanjut silakan kakak hubungi BNI
Liveâ€¦ https://t.co/vm66h3ETx9",0,0,Twitter for Android,http://twitter.com/download/android
26-11-20 22:07,1.33E+18,"Halo kak,Mohon maaf atas ketidaknyamanannya.
Untuk informasi lebih lanjut silakan kakak hubungi BNI
LiveChat WhastAâ€¦ https://t.co/my6RLIDByS",0,0,Twitter for Android,http://twitter.com/download/android
27-11-20 23:58,1.33E+18,@awnstvn halo bni,0,0,Twitter for iPhone,http://twitter.com/download/iphone;
27-11-20 23:51,1.33E+18,"@galonnnnn_ Hai Kak, saat ini layanan BNI Mobile Banking terpantau normal ya. Silakan kakak coba kembali secara berâ€¦ https://t.co/DOlwd0Tqew",0,0,BNI Socio Twitter,https://www.bni.co.id/id-id/;
27-11-20 23:44,1.33E+18,@melvyn_huey @moutune2 Inspector general of BNI ğŸ¤²ğŸ¾,0,0,Twitter for iPhone,http://twitter.com/download/iphone;
27-11-20 23:43,1.33E+18,"@amaliamii @bankmandiri waaah noted ok Mii! Thank you yaa, nanti aku coba deh BNI. Aku ada surat ket kerja tp dikirâ€¦ https://t.co/yMLevkF6jM",0,0,Twitter for iPhone,http://twitter.com/download/iphone;
27-11-20 23:38,1.33E+18,penasaran wangi parfum 100k / 2 ml apa bisa ngalahin aroma gorengan (5k for 3 pcs) BNI Sudirman yaaa ~~,0,0,Twitter Web App,https://mobile.twitter.com;
27-11-20 23:36,1.33E+18,@TrCd19 Sik bni,0,0,Twitter for iPhone,http://twitter.com/download/iphone;
27-11-20 23:34,1.33E+18,bisa convert ke ovo/gopay/dana/bni/mandiri/bca,0,0,twittbot.net,http://twittbot.net/;
27-11-20 23:30,1.33E+18,@istighfarrr bank bni?,0,0,Twitter Web App,https://mobile.twitter.com;
27-11-20 23:29,1.33E+18,@stanmenfess Bni,0,0,Twitter for Android,http://twitter.com/download/android;
27-11-20 23:25,1.33E+18,WTF BNI????!!!!!,0,0,Twitter for iPhone,http://twitter.com/download/iphone;
27-11-20 23:22,1.33E+18,"@BNICustomerCare @BNI sumpah kecewa bgt sama mbanking bni, males lg gue pake bni. Pengen ngapa2in susah!",0,0,Twitter for Android,http://twitter.com/download/android;
27-11-20 23:21,1.33E+18,"@BNI gmn ini, msh blm bisa juga mbanking nya. Masih freeze. Tolong dong dibenerin. Jadi susah mo ngpa2in :'(",0,0,TweetCaster for Android,http://www.tweetcaster.com;
27-11-20 23:19,1.33E+18,@KemnakerRI Tahap 4 BNI kapan ni cair,0,1,Twitter for Android,http://twitter.com/download/android;
27-11-20 23:13,1.33E+18,My #BNI group @PegBNI https://t.co/kc9PlvU6jZ,0,0,Twitter for iPhone,http://twitter.com/download/iphone;
27-11-20 23:12,1.33E+18,"@JatimFess buset, akehe cs bni sing nge rep",0,0,Twitter for Android,http://twitter.com/download/android;
27-11-20 23:09,1.33E+18,@Arifin30792737 @Rasyidalghany92 @KemnakerRI @BNI Boleh minta bukti pencairan bath 2 nya kak yg dr bni,0,0,Twitter for Android,http://twitter.com/download/android;
27-11-20 23:01,1.33E+18,"@tryelvianii Pilih hayo mandiri,bca,bni,bri?",0,2,Twitter for Android,http://twitter.com/download/android;
27-11-20 22:57,1.33E+18,"Ekonomi Mulai Bergerak, BNI Catat Transaksi Uang Elektronik Naik 50 % di OktoberÂ  https://t.co/CQyKLI9hjM https://t.co/EppBhtRRAx",0,0,dlvr.it,https://dlvrit.com/;
27-11-20 22:54,1.33E+18,"@squidwardfess sekilas mirip bni asia afrika bdg ya allah, maap siwerğŸ˜­",0,1,Twitter for Android,http://twitter.com/download/android;
27-11-20 22:54,1.33E+18,#RT @IvanMisner More info : https://t.co/9HMZDld6bw  #BNI #BNIGlobal #BNIFamily https://t.co/Ovu9EQVw0c,0,0,IFTTT,https://ifttt.com;
27-11-20 22:53,1.33E+18,@nolongerdazai_ @BNI Si lelet BNI,0,0,Twitter Web App,https://mobile.twitter.com;
27-11-20 22:45,1.33E+18,"rek kalo mau ganti nomor hp yg dipake buat bikin rekening bni pas awal, itu harus ke kantor cabang bni atau bisa lewat atm?",0,1,Jatimfess,https://twitter.com/jatimfess;
27-11-20 22:38,1.33E+18,@agustiinass @fbajri mengingatkanku pada abg bni kampret waktu itu @tahlahdahmales,0,0,Twitter for iPhone,http://twitter.com/download/iphone;
27-11-20 22:35,1.33E+18,#Networking with our #BNIExceptional friends and Rabikant Tiwari https://t.co/EWn2Ryjh0C https://t.co/qZhudp9Zhp,0,1,The Social Jukebox,https://www.socialjukebox.com;
27-11-20 22:34,1.33E+18,@BNICustomerCare ini aplikasi mobile banking bni kenapa susah banget login setelah upgrade sih????? Kan jadinya susah mau ngapa ngapain!,0,0,Twitter for iPhone,http://twitter.com/download/iphone;
27-11-20 22:25,1.33E+18,@tegalfess BNI syariah,0,0,Twitter for Android,http://twitter.com/download/android;
27-11-20 22:21,1.33E+18,@h4n1p1 @Edy55168841 @KemnakerRI Wkwkw cs bni fake berkeliaran ğŸ˜‚ğŸ˜‚,0,0,Twitter for Android,http://twitter.com/download/android;
28-11-20 23:58,1.33E+18,cuy ba layout uda pada bangun? nyari yg nerima pymnt via bni,0,0,Twitter for Mac,http://itunes.apple.com/us/app/twitter/id409789998?mt=12;
28-11-20 23:54,1.33E+18,Polsek Gilimanuk Polres Jembrana Laksanakan Patroli Pantau Mesin ATMÂ BNI https://t.co/SwdULqCloV,0,0,WordPress.com,http://publicize.wp.com/;
28-11-20 23:48,1.33E+18,"@infomalang Pagi min, numpang tanya BNI yg di matos kalo minggu buka ga ya? ğŸ™",1,4,Twitter for Android,http://twitter.com/download/android;
28-11-20 23:42,1.33E+18,@BNI min ko mbanking saya sudah di upgrade malah eror tidak bisa login kenapa ya sedang ada kendala?,0,1,Twitter for Android,http://twitter.com/download/android;
28-11-20 23:36,1.33E+18,@whizzeraa sn sdc bni sewebilirsn.,0,2,Twitter for Android,http://twitter.com/download/android;
28-11-20 23:28,1.33E+18,Anggota melaksanakan giat patroli Thunder Patrol Pagi di Atm Bank BNI Danasri https://t.co/v9mMGNX0ol,1,0,Instagram,http://instagram.com;
28-11-20 23:16,1.33E+18,@DILUCISGOD bni sebmior msn mrym,0,1,Twitter for iPhone,http://twitter.com/download/iphone;
28-11-20 23:15,1.33E+18,"Gunakan Debit BCA dan BNI 46 sebagai pembayaran di JNE Kalimantan Blitar, Mudah dan Praktis.#JNEBLITAR",0,0,twittbot.net,http://twittbot.net/;
28-11-20 23:01,1.33E+18,Jasa Views video instagram murah VIA BNI. 3000views=82rb. harga berlaku kelipatan. minat? 0838 1110 4464,0,0,twittbot.net,http://twittbot.net/;
28-11-20 22:44,1.33E+18,@NaikRooh Is ki qadar hum ko bht huti hy..jb foreign m rahty huye apni country ki cheez bni dekhty hn..,0,0,Twitter for Android,http://twitter.com/download/android;
28-11-20 22:43,1.33E+18,"@sbyfess dana ke semua bank tanpa biaya admin maks 10x kalo kamu premium, sama linkaja gratis ke bank BNI BRI dan mandiri. cmiiw",0,0,Twitter for Android,http://twitter.com/download/android;
28-11-20 22:41,1.33E+18,@cri3dwolf bni alğŸ˜…,0,0,Twitter for Android,http://twitter.com/download/android;
28-11-20 22:38,1.33E+18,@egebutbitch dru bni hÃ§ alkdr etmz Ã§k mntklÄ±,0,2,Twitter Web App,https://mobile.twitter.com;
28-11-20 22:37,1.33E+18,@radiohecd Ã¶p bni,0,0,Twitter for Android,http://twitter.com/download/android;
28-11-20 22:36,1.33E+18,"RT @IvanMisner #BNI #BNIDelhiSouth #ReferralsMarketing ""So whoâ€™s in your room?â€”friends, family members, people youâ€¦ https://t.co/68HH34N6Xn",1,2,IFTTT,https://ifttt.com;
28-11-20 22:31,1.33E+18,Jasa Views video instagram murah VIA BNI. 2000views=52rb. harga berlaku kelipatan. minat? 0838 1110 4464,0,0,twittbot.net,http://twittbot.net/;
28-11-20 22:31,1.33E+18,@yokbezey @mandalinlilokum Bni takip et kazan ğŸ’¯,0,0,Twitter for Android,http://twitter.com/download/android;
28-11-20 22:28,1.33E+18,@imrezaa_ @hrdbacot Pake bni syariah yang akad wakalah. Ngga ada biaya admin nya. Atm bisa pake bni konven,0,0,Twitter for Android,http://twitter.com/download/android;
28-11-20 22:27,1.33E+18,@BNI @ojkindonesia  @royke_tumilaar  @BNI @BNICustomerCare @BNISyariah,0,0,Twitter for Android,http://twitter.com/download/android;
28-11-20 22:26,1.33E+18,@El_Soupapo @bnihrs on vend bni tt court nn?,0,0,Twitter Web App,https://mobile.twitter.com;
28-11-20 22:23,1.33E+18,@K3RSSYSHAWTY @bnihrs O pire on vend les pieds de bni,0,0,Twitter for iPhone,http://twitter.com/download/iphone;
28-11-20 22:17,1.33E+18,BNI Syariah Raih Penghargaan The Best Digital Technology &amp; Performance Excellence 2020 - https://t.co/ZRRNY9QCA9 via @Shareaholic,0,0,Twitter Web App,https://mobile.twitter.com
28-11-20 22:16,1.33E+18,@BNI Min cek dm,0,1,Twitter for iPhone,http://twitter.com/download/iphone;
28-11-20 22:15,1.33E+18,@homosaphotexual Bi litre salgm iciorm gunde hicbir sey bni durdurama,0,1,Twitter for Android,http://twitter.com/download/android;
28-11-20 22:15,1.33E+18,Girls don't even know kay woh pata nhi kis kis ki bhabi bni wi hai ğŸ‘ï¸ğŸ‘„ğŸ‘ï¸,1,71,Twitter for Android,http://twitter.com/download/android;
28-11-20 22:04,1.33E+18,@interlude199x gel bni de yumrukla severm ;),0,0,Twitter for iPhone,http://twitter.com/download/iphone
28-11-20 22:02,1.33E+18,Jen doru sÃ¶le bni lisayla aldatmadin dimi amk?,0,6,Twitter for Android,http://twitter.com/download/android;
28-11-20 22:00,1.33E+18,#CariAlamat Alamat ATM BNI Klp Gading Trade Center Jakarta https://t.co/cuYKW1XkLn,0,0,carialamatTwit,http://www.carialamat.com;
28-11-20 21:58,1.33E+18,@MelekGn56002026 istedigin arkdsna pazarla bni,0,0,Twitter for Android,http://twitter.com/download/android;
28-11-20 21:57,1.33E+18,@g7btskz ğŸ¥º dÃ¶t iconmla duygusal yabmaÄ±n bni,0,1,Twitter for iPhone,http://twitter.com/download/iphone;
28-11-20 21:56,1.33E+18,@lilyrosesgirlf sn bni nie cekesin,0,1,Twitter for Android,http://twitter.com/download/android;
28-11-20 21:55,1.33E+18,@alexadrim evt bir tek sen anladÄ±n bni,0,0,Twitter for Android,http://twitter.com/download/android;
28-11-20 21:54,1.33E+18,@BNI mobile banking lagi gangguan y min ?,0,0,Twitter for iPad,http://twitter.com/#!/download/ipad;
28-11-20 21:48,1.33E+18,@beezarreboy @saftrmaulana Halo BNI,0,0,Twitter for Android,http://twitter.com/download/android;
28-11-20 21:44,1.33E+18,@senaakaradumann Olurrrr yi bni sena https://t.co/Jeh3mLgaa8,0,0,Twitter for Android,http://twitter.com/download/android;
28-11-20 21:41,1.33E+18,@Sourcandyx2 askm afft bni nlr,0,0,Twitter for Android,http://twitter.com/download/android;
29-11-20 23:59,1.33E+18,"RT @LndMuslitaNazir: Tidak semua cewek itu suka mandiri,karena beberapa dari mereka lebih tertarik dengan BNI,BRI dan BCA",167,0,Twitter for Android,http://twitter.com/download/android
29-11-20 23:59,1.33E+18,"@ianhugen âœ¨hi numpang iklan ya âœ¨

bagi yang berminat ingin hapus akun lupa pass dan email 
ğŸ“Œ twitter 
ğŸ“Œ instagramâ€¦ https://t.co/bRkr05jPso",0,0,Twitter for iPhone,http://twitter.com/download/iphone
29-11-20 23:59,1.33E+18,Bni nyebelin banget emang semingguan ini wkwkw,0,0,Twitter for Android,http://twitter.com/download/android
29-11-20 23:58,1.33E+18,"@babikeccap Hi Kak, dapat kami informasikan untuk akun resmi BNI adalah akun yang sudah centang biru ya Kak. Tks -Shiren-",0,0,BNI Socio Twitter,https://www.bni.co.id/id-id/
29-11-20 23:58,1.33E+18,"RT @LndMuslitaNazir: Tidak semua cewek itu suka mandiri,karena beberapa dari mereka lebih tertarik dengan BNI,BRI dan BCA",167,0,Twitter for Android,http://twitter.com/download/android
29-11-20 23:56,1.33E+18,-ness kalau mau cetak buku tabungan bni ke teller sekalian masukin uang ke rek tuh biayanya berapa ya? Atau free? Tâ€¦ https://t.co/ZfRIgeegcu,0,1,UNNES MENFESSğŸŒ,https://menfess.me/
29-11-20 23:56,1.33E+18,"@achmdmchtr Hai Kak, terkait hal tersebut silakan Kakak menghubungi BNI Syariah ya Kak. Tks -Shiren-",0,0,BNI Socio Twitter,https://www.bni.co.id/id-id/
29-11-20 23:56,1.33E+18,"RT @LndMuslitaNazir: Tidak semua cewek itu suka mandiri,karena beberapa dari mereka lebih tertarik dengan BNI,BRI dan BCA",167,0,Twitter for Android,http://twitter.com/download/android
29-11-20 23:55,1.33E+18,"RT @syaa2982: â£ï¸ HELP RT JUSEYOO â£ï¸

Open PO Merch BT21 Unoff

- BT21 Winter Doll Christmas 2020
- BT21 Sleeping Shade
- BT21 Baby Bagcharmâ€¦",21,0,Twitter for Android,http://twitter.com/download/android
29-11-20 23:51,1.33E+18,"@seungsikcokr Hai Kak, perihal apa yang bisa kami bantu ? Tks -Giani-",0,0,BNI Socio Twitter,https://www.bni.co.id/id-id/
29-11-20 23:51,1.33E+18,Ini st. Dukuh atas bni emang dingin banget apa gwnya yang lebay kedinginan ?,0,0,Twitter for Android,http://twitter.com/download/android
29-11-20 23:50,1.33E+18,10 jam di BNI disuruh ke Mandiri https://t.co/qYalyBphzI,0,0,Twitter for Android,http://twitter.com/download/android
29-11-20 23:49,1.33E+18,"@BNI kode otp ga masuk,udh 2x riquest ttp ga masuk,HELP",0,0,Twitter Web App,https://mobile.twitter.com
29-11-20 23:48,1.33E+18,"RT @LndMuslitaNazir: Tidak semua cewek itu suka mandiri,karena beberapa dari mereka lebih tertarik dengan BNI,BRI dan BCA",167,0,Twitter for Android,http://twitter.com/download/android
29-11-20 23:47,1.33E+18,"@Ite_news Hai Kak, dapat kami informasikan terkait hal tersebut silakan Kakak menghubungi BNI Call 1500046 ya Kak. Tks -Shiren-",0,0,BNI Socio Twitter,https://www.bni.co.id/id-id/
29-11-20 23:47,1.33E+18,@BNICust46_care Mohon waspada terhadap akun social media yang mengatasnamakan BNI ya. Akun Social Media BNI resmi mâ€¦ https://t.co/fuNlFrPVk6,0,0,BNI Socio Twitter,https://www.bni.co.id/id-id/
29-11-20 23:46,1.33E+18,"ALOHA! KAMI JUAL NETFLIX MURAH READY FRESH BILLING, TF =  LGSG DAPET AKUN ğŸ˜ğŸ’¥

â˜” SHARING : 30 K

âš ï¸ANTIHOLD
âš ï¸ BERGAâ€¦ https://t.co/hLJwKdlaRD",0,0,Twitter for Android,http://twitter.com/download/android
29-11-20 23:45,1.33E+18,"Tidak selamanya wanita itu mandiri 
Terkadang juga butuh BRI, BNI, BCA",0,0,Twitter for Android,http://twitter.com/download/android
29-11-20 23:44,1.33E+18,"@soulettaa Halo Kak, DM Kakak akan segera kami respon ya. Mohon  menunggu ya Kak. Tks -Giani-",0,0,BNI Socio Twitter,https://www.bni.co.id/id-id/
29-11-20 23:44,1.33E+18,"Tutup PO tiap tanggal 10, 20 dan 30 setiap bulannya. pembayaran terakhir dilakukan saat tutup PO. pembayaran via baâ€¦ https://t.co/uFN3w3jDlI",0,0,twittbot.net,http://twittbot.net/
29-11-20 23:43,1.33E+18,"RT @LndMuslitaNazir: Tidak semua cewek itu suka mandiri,karena beberapa dari mereka lebih tertarik dengan BNI,BRI dan BCA",167,0,Twitter for Android,http://twitter.com/download/android
29-11-20 23:41,1.33E+18,@BNICust46care__   Selalu waspada terhadap akun social media yang mengatasnamakan BNI ya. Akun Social Media BNI resâ€¦ https://t.co/0tTvpQd11z,0,0,BNI Socio Twitter,https://www.bni.co.id/id-id/
29-11-20 23:39,1.33E+18,"RT @LndMuslitaNazir: Tidak semua cewek itu suka mandiri,karena beberapa dari mereka lebih tertarik dengan BNI,BRI dan BCA",167,0,Twitter for iPhone,http://twitter.com/download/iphone
29-11-20 23:38,1.33E+18,BNI. Bapak Ngutang Indonesia. https://t.co/0rJWt4xRzU,0,5,Twitter for Android,http://twitter.com/download/android
29-11-20 23:36,1.33E+18,"RT @kompascom: BNI membuka lowongan kerja di 7 posisi yang masih dibuka hingga 31 Desember mendatang. Simak, ini syarat, informasi, dan linâ€¦",3,0,Twitter for Android,http://twitter.com/download/android
29-11-20 23:36,1.33E+18,"RT @LndMuslitaNazir: Tidak semua cewek itu suka mandiri,karena beberapa dari mereka lebih tertarik dengan BNI,BRI dan BCA",167,0,Twitter for Android,http://twitter.com/download/android
29-11-20 23:35,1.33E+18,"Ni org2 ngeri bgt. Kalah BNI FBI dkk, impressive https://t.co/8s4d6GZGos",0,0,Twitter for Android,http://twitter.com/download/android
29-11-20 23:34,1.33E+18,@jeonginmullet bni,0,0,Twitter for iPhone,http://twitter.com/download/iphone
29-11-20 23:34,1.33E+18,"RT @LndMuslitaNazir: Tidak semua cewek itu suka mandiri,karena beberapa dari mereka lebih tertarik dengan BNI,BRI dan BCA",167,0,Twitter for Android,http://twitter.com/download/android
29-11-20 23:34,1.33E+18,Meilleurs villages au Rif ? â€” Bni Abdellah https://t.co/5SbRnkFteC,0,0,Twitter for iPhone,http://twitter.com/download/iphone
29-11-20 23:33,1.33E+18,@BNICust46_care Selalu waspada terhadap akun social media yang mengatasnamakan BNI ya. Akun Social Media BNI resmiâ€¦ https://t.co/aWLbzV7keq,0,0,BNI Socio Twitter,https://www.bni.co.id/id-id/
29-11-20 23:33,1.33E+18,"RT @LndMuslitaNazir: Tidak semua cewek itu suka mandiri,karena beberapa dari mereka lebih tertarik dengan BNI,BRI dan BCA",167,0,Twitter for Android,http://twitter.com/download/android
29-11-20 23:32,1.33E+18,"RT @LndMuslitaNazir: Tidak semua cewek itu suka mandiri,karena beberapa dari mereka lebih tertarik dengan BNI,BRI dan BCA",167,0,Twitter for Android,http://twitter.com/download/android
29-11-20 23:32,1.33E+18,"BNI membuka lowongan kerja di 7 posisi yang masih dibuka hingga 31 Desember mendatang. Simak, ini syarat, informasiâ€¦ https://t.co/9F4Jp8S0Zx",3,11,dlvr.it,https://dlvrit.com/
29-11-20 23:31,1.33E+18,Cegah Pelaku Tindak Kriminalitas Serta Himbauan Disiplin Protokol Kesehatan Pakai Masker Unit Karas 801 Kontrol ATMâ€¦ https://t.co/avcmyAb22F,0,0,TWEET.PHOTO,https://tweet.photo
29-11-20 23:31,1.33E+18,"RT @LndMuslitaNazir: Tidak semua cewek itu suka mandiri,karena beberapa dari mereka lebih tertarik dengan BNI,BRI dan BCA",167,0,Twitter for iPhone,http://twitter.com/download/iphone
29-11-20 23:30,1.33E+18,"Jual Saldo Paypal 
Ready $110, rate 14.300
Take all 1.566.000
No fee
Bisa untuk Co Web
Pembayaran bisa via transferâ€¦ https://t.co/AEd4g1O0Rn",0,0,Twitter Web App,https://mobile.twitter.com
29-11-20 23:30,1.33E+18,"@ricky_anggara  Hai Kak Ricky, mohon maaf atas kendalanya. Untuk reset password tansaksi Mobile Banking bisa pilihâ€¦ https://t.co/eDnW6mbyKa",0,0,BNI Socio Twitter,https://www.bni.co.id/id-id/
29-11-20 23:30,1.33E+18,"@logodesain2 Perihal pencairan, silakan akses melalui website https://t.co/CsLxiQVk7A. Pastikan sebelum registrasiâ€¦ https://t.co/OINgJwJBNd",0,0,Socio Enterprise,https://www.infomedia.co.id
29-11-20 23:30,1.33E+18,"RT @LndMuslitaNazir: Tidak semua cewek itu suka mandiri,karena beberapa dari mereka lebih tertarik dengan BNI,BRI dan BCA",167,0,Twitter for Android,http://twitter.com/download/android
29-11-20 23:29,1.33E+18,"ALOHA! KAMI JUAL NETFLIX MURAH READY FRESH BILLING, TF â¡ï¸ LGSG DAPET AKUN ğŸ˜ğŸ’¥

â˜” SHARING : 30 K

âš ï¸ANTIHOD
âš ï¸ BERGARâ€¦ https://t.co/eYhkxPEkVR",0,0,Twitter for Android,http://twitter.com/download/android
29-11-20 23:28,1.33E+18,"RT @LndMuslitaNazir: Tidak semua cewek itu suka mandiri,karena beberapa dari mereka lebih tertarik dengan BNI,BRI dan BCA",167,0,Twitter for Android,http://twitter.com/download/android
29-11-20 23:27,1.33E+18,"ALOHA KAMI JUAL NETFLIX MURAH READY FRESH BILLING LGSG DAPET AKUNğŸ˜ğŸ’¥

â˜” SHARING : 30 K

ANTIHOLD BERGARANSI FULL 30Hâ€¦ https://t.co/S7ijIu4IoY",0,0,Twitter for Android,http://twitter.com/download/android
29-11-20 23:27,1.33E+18,"ALOHA KAMI JUAL NETFLIX MURAH READY FRESH BILLING LGSG DAPET AKUNğŸ˜ğŸ’¥

â˜” SHARING : 30 K

ANTIHOLD BERGARANSI FULL 30Hâ€¦ https://t.co/996zCuLc5K",0,0,Twitter for Android,http://twitter.com/download/android
29-11-20 23:26,1.33E+18,"@dsuperboy bni kan buka cabang di bidang narkotika, bnn mah bentar lagi dibubarkan awokwkwowk",0,2,Twitter for Android,http://twitter.com/download/android
29-11-20 23:15,1.33E+18,@BNICust46_care  Selalu waspada terhadap akun social media yang mengatasnamakan BNI ya. Akun Social Media BNI resmiâ€¦ https://t.co/xLuegelNOH,0,0,BNI Socio Twitter,https://www.bni.co.id/id-id/
30-11-20 15:33,1.33E+18,@krimilatenogula Sama call center bni,0,0,Twitter for Android,http://twitter.com/download/android
30-11-20 15:32,1.33E+18,Jual Apps Premium. Spotify Netflix Youtube Viu Iflix Disney+ Hotstar Canva VSCOX. Legal. Murah. Bergaransi. Trustedâ€¦ https://t.co/XSEcseoj78,0,0,Twitter for Mac,http://itunes.apple.com/us/app/twitter/id409789998?mt=12
30-11-20 15:32,1.33E+18,"open cv / convert saldo

      ğš‹ğšŠğš—ğš”
      : bni only

      ğš-ğš ğšŠğš•ğš•ğšğš
      : dana gopay
        ovo shopeepayâ€¦ https://t.co/RGLmW1bPS9",0,0,Twitter for Android,http://twitter.com/download/android
30-11-20 15:30,1.33E+18,"RT @Penyuka_ombak: Donasi utk keluarga korban dan Pelayanan di SIGI terus berjalan dgn lancar.
Puji Tuhan, ada banyak tanganÂ² yg dgn baik hâ€¦",110,0,Twitter for Android,http://twitter.com/download/android
30-11-20 15:29,1.33E+18,@rezafirmansyah_ Hallo @BNI,0,0,Twitter for iPhone,http://twitter.com/download/iphone
30-11-20 15:28,1.33E+18,Padahal udh feeling harus setor ke bni,0,0,Twitter for Android,http://twitter.com/download/android
30-11-20 15:26,1.33E+18,@verawidyatrisna Buruh BNI ğŸ˜…,0,0,Twitter for iPhone,http://twitter.com/download/iphone
30-11-20 15:26,1.33E+18,"@joeariee Halo kak, Mohon maaf atas ketidaknyamanannya. Untuk informasi lebih lanjut silahkan kakak hubungi LiveChaâ€¦ https://t.co/rS1GX3OsdW",0,0,Twitter for Android,http://twitter.com/download/android
30-11-20 15:25,1.33E+18,"Halo kak, Mohon maaf atas ketidaknyamanannya. Untuk informasi lebih lanjut silahkan kakak hubungi LiveChat BNI  Whaâ€¦ https://t.co/pzpVHRNzPn",0,0,Twitter for Android,http://twitter.com/download/android
30-11-20 15:25,1.33E+18,"@alvinNaries Halo kak, Mohon maaf atas ketidaknyamanannya. Untuk informasi lebih lanjut silahkan kakak hubungi Liveâ€¦ https://t.co/QiLptzkRNj",0,0,Twitter for Android,http://twitter.com/download/android
30-11-20 15:24,1.33E+18,"Halo kak, Mohon maaf atas ketidaknyamanannya. Untuk informasi lebih lanjut silahkan kakak hubungi LiveChat BNI  Whaâ€¦ https://t.co/3ssyci7oXf",0,0,Twitter for Android,http://twitter.com/download/android
30-11-20 15:22,1.33E+18,"RT @Penyuka_ombak: Donasi utk keluarga korban dan Pelayanan di SIGI terus berjalan dgn lancar.
Puji Tuhan, ada banyak tanganÂ² yg dgn baik hâ€¦",110,0,Twitter for Android,http://twitter.com/download/android
30-11-20 15:22,1.33E+18,@BNI cek dm min,0,2,Twitter for Android,http://twitter.com/download/android
30-11-20 15:21,1.33E+18,RT @seanfromcavan: Looking forward to addressing Co. Cavan members of @BNI_National tomorrow about my Webinar this week in partnership withâ€¦,1,0,Twitter Web App,https://mobile.twitter.com
30-11-20 15:21,1.33E+18,@yandhikas @JNECare @jntexpressid @BNI Iya nih tolong banget ya BNI. Cape JNE sama JNT no respon semua,0,0,Twitter for Android,http://twitter.com/download/android
30-11-20 15:20,1.33E+18,Work! Ada ya dapet undangan wawancara teknikal di odp data scientist BNI? Aku barusan dapet tp ko link drivenya eror yah?,0,1,worksfess,https://twitter.com/magnitvde
30-11-20 15:18,1.33E+18,"RT @sssklstkws: Help RT ya guys. Biar semua org tau dan ga engage dgn dia lagi.

Berikut no rekening dini:

BNI 0973938370 
BCA 7935423953â€¦",120,0,Twitter for Android,http://twitter.com/download/android
30-11-20 15:18,1.33E+18,RT @Restorapic: Our #BNI #Halloween #Zoom event last night. Some scary characters and Harry Potter https://t.co/wWWDlL530q,1,0,Twitter for Android,http://twitter.com/download/android
30-11-20 15:16,1.33E+18,@BNI untuk pemindahan ke BNI Syariah di wilayah aceh itu maksimal kapan ya? dan apa konsekuensinya jika tidak memindahkan?,0,0,Twitter for Android,http://twitter.com/download/android
30-11-20 15:15,1.33E+18,"RT @sssklstkws: Help RT ya guys. Biar semua org tau dan ga engage dgn dia lagi.

Berikut no rekening dini:

BNI 0973938370 
BCA 7935423953â€¦",120,0,Twitter for Android,http://twitter.com/download/android
30-11-20 15:13,1.33E+18,@vantaestiic di telpon orang yg ngaku-ngaku pihak bni yaaa ?ğŸ¥º,0,0,Twitter for iPhone,http://twitter.com/download/iphone
30-11-20 15:10,1.33E+18,"@febyfhan @febyfhan Jika masih terkendala sahabat dapat pengajuan melalui Bank kerjasama seperti  BNI, BJB, BRI, BTâ€¦ https://t.co/IFrVYxwHyw",0,0,Socio Enterprise,https://www.infomedia.co.id
30-11-20 15:10,1.33E+18,@xrxzxru mndg kl ad ap2 lgsung ke bni aj ğŸ˜‡ğŸ˜‡ğŸ˜”ğŸ˜”ğŸ˜”,0,0,Twitter for iPhone,http://twitter.com/download/iphone
30-11-20 15:09,1.33E+18,"@sellkpopfess 659,416 bni",0,0,Twitter for iPhone,http://twitter.com/download/iphone
30-11-20 15:08,1.33E+18,"kuy- cv paypal 47,44 usd ke BNI yang bisa langsung proses sekarang",0,1,sellkpopfess,https://twitter.com/sellkpopfess
30-11-20 15:07,1.33E+18,"engga selama nya cewe itu mandiri, kadang jga buruh bni,bri,bca",0,0,Twitter for iPhone,http://twitter.com/download/iphone
30-11-20 15:06,1.33E+18,@Nanapinkyboy @BNICust46cs dihh iya nih suka ad aakun bodongnya bni ğŸ‘€,0,0,Twitter for Android,http://twitter.com/download/android
30-11-20 15:05,1.33E+18,"@vantaestiic iyaaaa, pake bni mbanking ughaa nihğŸ˜³ğŸ˜³ kok bisaaaa ???",0,0,Twitter for iPhone,http://twitter.com/download/iphone
30-11-20 15:05,1.33E+18,"@Nanapinkyboy Halo kak, Mohon maaf atas ketidaknyamanannya. Untuk informasi lebih lanjut silahkan kakak hubungi Livâ€¦ https://t.co/k0ZeGyKmrw",0,0,Twitter for Android,http://twitter.com/download/android
30-11-20 15:04,1.33E+18,@sibroyp kudu mandiri ora bni,0,0,Twitter for Android,http://twitter.com/download/android
30-11-20 15:04,1.33E+18,"@xrxzxru iya anjğŸ˜”, lu pake bni ga? hati2 ya banyak cs palsu gue kena 300 anjğŸ˜”ğŸ˜”ğŸ˜”ğŸ˜“ğŸ˜“ğŸ˜“ğŸ˜“ğŸ™ğŸ¼ğŸ™ğŸ¼ğŸ™ğŸ¼ğŸ™ğŸ¼",0,0,Twitter for iPhone,http://twitter.com/download/iphone
30-11-20 15:04,1.33E+18,"@fh_atmaja Halo kak,Mohon maaf atas ketidaknyamanannya.
Untuk informasi lebih lanjut silakan kakak hubungi BNI
Liveâ€¦ https://t.co/z7woGr4Z1U",0,0,Twitter for Android,http://twitter.com/download/android
30-11-20 15:04,1.33E+18,"Ak gabisa boong pake ini, bni ku bukan taplus muda:( https://t.co/CkZ1SKdNjx https://t.co/excRFG4gDv",0,0,Twitter for Android,http://twitter.com/download/android
30-11-20 15:04,1.33E+18,"RT @HalaAyoub786: My brother: Chai bht achi bni hai aajğŸ¤—
Mom: Teri behn ne bnayi hai....
Brother: https://t.co/3fYxM8zSib",6,0,Twitter for Android,http://twitter.com/download/android
30-11-20 15:03,1.33E+18,"@nuriisya Bae2 itu ga semua bener nu, org bni gamungkin minta dihubungin lewat WA",0,0,Twitter for Android,http://twitter.com/download/android
30-11-20 15:03,1.33E+18,@vantaestiic bni niyğŸ˜³ğŸ˜³,0,0,Twitter for iPhone,http://twitter.com/download/iphone
30-11-20 15:02,1.33E+18,Is It Time You Got A Chief Of Staff? https://t.co/i8FYmbp3QG https://t.co/fnlQ0otWvs,0,0,dlvr.it,https://dlvrit.com/
30-11-20 15:01,1.33E+18,@niagarapokpou @JNECare @jntexpressid Halo @BNI ada yg paketnya gak sampe-sampe nih tolong di tindak lanjutin plis kasian teman saya,0,0,Twitter for Android,http://twitter.com/download/android
30-11-20 15:01,1.33E+18,@restuachill_ @astro_rizki @Iqbalfas @hrdbacot @CNN @BNI Hllo @BTS_twt,0,0,Twitter for iPhone,http://twitter.com/download/iphone
30-11-20 15:00,1.33E+18,"RT @johfamfess: Cara Berdonasi
1. Klik Tombol â€œDONASIâ€
2. Input nominal yang didonasikan
3. Pilih metode pembayaran transfer Bank (BNI, Manâ€¦",4,0,Twitter for Android,http://twitter.com/download/android
30-11-20 14:59,1.33E+18,"@QnA18MENFESS BNI TAPLUS MUDA nder, admin nya 5k tiap bulan, saldo nya bisa sampe 0 kadang minus juga terpotong uang admin wkwkwkw",0,0,Twitter for Android,http://twitter.com/download/android
30-11-20 14:58,1.33E+18,"@sellkpopfess 414,250 dana/BNI/ovo",0,0,Twitter for Android,http://twitter.com/download/android